Designator,Mid X,Mid Y,Rotation,Layer
C1,80.355,-48.45,180.0,top
C2,82.93,-42.33,270.0,top
C3,88.95,-51.8,0.0,top
C4,76.49,-42.29,90.0,top
D1,100.48,-48.13,90.0,top
JP1,105.265,-45.78,0.0,top
JP2,105.22,-42.26,0.0,top
J_USB1,71.40700000000001,-45.87,270.0,top
Q_DTR1,96.64,-42.99,180.0,top
Q_RTS1,96.78,-48.12,180.0,top
R1,100.025,-50.9,0.0,top
R_CC1,76.22,-46.02,90.0,top
R_CC2,76.22,-49.69,270.0,top
R_DTR1,93.67,-43.0,90.0,top
R_RTS1,93.75,-48.08,90.0,top
U1,79.54,-45.94,270.0,top
U_REG1,79.63,-42.24,0.0,top
U_UART1,88.83,-45.7825,90.0,top
