Designator,Footprint,Quantity,Value,LCSC Part #
"C1, C_AMP1, C_BAT_ADC1, C_BAT_SW_OUT1, C_ESP1, C_LED1, C_MUX_SS1, C_SD1, C_SD_SW_OUT1",0603,9,"100nF, 50 V, X7R, ±10%",C14663
"C_3V3_IN1, C_5V_IN1, C_AMP2, C_CHG_SYS1, C_ESP2, C_SD2",0805,6,"10uF, 25V X5R/X7R, ±20%",C15850
"C_3V3_OUT1, C_5V_OUT1, C_5V_OUT2",1206,3,"22uF, 25 V, X5R, ±10%",C12891
"C_BAT_SW_IN1, C_ESP_EN1, C_MUX1, C_MUX2, C_MUX4, C_SD_SW_IN1",0603,6,"1uF, 50 V, X5R, ±10%",C15849
"C_CHG_BAT1, C_MUX3",0805,2,"4.7 uF, 25 V, X5R, ±10%",C1779
"D1, D3, D5",Texas_DPY0002A_0.6x1mm_P0.65mm,3,ESD441,C53161160
D_LED1,WS2812B-V6,1,WS2812B-V6,C52917433
J_SD1,microSD_HC_Molex_104031-0811,1,microSD SPI,C585350
J_USB1,USB_C_Receptacle_HRO_TYPE-C-31-M-12 - C165948,1,TYPE-C-31-M-12,C165948
"L_3V3, L_5V1",L_Murata_DFE201612E,2,0.47u,C668312
Q1,SOT-23,1,MMBT3904,C20526
"R_3V3_BOT1, R_5V_BOT1, R_CHARGER_CE_DIV2",0603,3,91k,C23265
R_3V3_TOP1,0603,1,510k,C23192
"R_5V_EN_PD1, R_BAT_L1, R_BAT_L2, R_CHARGER_CE_DIV1, R_CHARGER_CE_PD1, R_LED_DIN2, R_MODE_PD1, R_MUX_ILIM1, R_MUX_ILIM2, R_MUX_OV_DIV2, R_MUX_OV_DIV4, R_PR1_BOT1",0603,12,100k,C25803
R_5V_TOP1,0603,1,820k,C23252
"R_BAT_H1, R_SDMODE1",0603,2,634k,C65831
"R_BOOT_PULLUP1, R_CHARGER_CE_BASE1, R_ESP_EN_PULLUP1, R_INT1, R_PG1, R_SCL1, R_SDA1, R_SD_CS1, R_SD_DAT1, R_SD_DAT2, R_SD_MISO1, R_SD_MOSI1, R_TH1",0603,13,10k,C25804
"R_BTN_ANIMAL1, R_BTN_SONG1, R_LED_DIN1",0603,3,330,C23138
"R_CC1, R_CC2",0603,2,5.1k,C23186
"R_MUX_OV_DIV1, R_MUX_OV_DIV3, R_VIB1",0603,3,470k,C23178
R_PR1_TOP1,0603,1,300k,C23024
"U_3V3, U_5V1",DLA0010A,2,TPS63802DLAR,C2845237
U_AMP1,TQFN-16-1EP_3x3mm_P0.5mm_EP1.23x1.23mm - C910544,1,MAX98357AETE+T,
U_CHG1,Texas_DLH0010A_WSON-10-1EP_2.2x2mm_P0.4mm_EP0.9x1.5mm,1,BQ25186DLHR,C44639442
U_ESP32,ESP32-WROOM-32E - C701342,1,ESP32-WROOM-32E-N8,C701342
U_MUX1,Texas_VQFN-HR-12_2x2.5mm_P0.5mm,1,TPS2121RUXR,
"U_SW_BAT1, U_SW_SD1",SOT-23-6 - C128634,2,AP2281-3WG-7,C128634
